Namespace,Class Name,Path
Svc,,Svc/ResultSvc.cs
Fs,,Fs/ResultFs.cs
Os,,
Htcs,,
Ncm,,Ncm/ResultNcm.cs
Dd,,
Lr,,Lr/ResultLr.cs
Loader,,Loader/ResultLoader.cs
Sf,,Sf/ResultSf.cs
Sf.Cmif,Cmif,Sf/Cmif/ResultCmif.cs
Sf.Impl,SfImpl,Sf/Impl/ResultSfImpl.cs
Hipc,,
Tma,,
Dnmt,,
Pm,,
Ns,,
Htc,,
Kvdb,,Kvdb/ResultKvdb.cs
Sm,,Sm/ResultSm.cs
Ro,,
Sdmmc,,Sdmmc/ResultSdmmc.cs
Spl,,Spl/ResultSpl.cs
Socket,,
HtcLow,,
Ddsf,,
HtcFs,,
I2C,,
Gpio,,
Settings,,
Vi,,
Time,,
Bcat,,Bcat/ResultBcat.cs
Ssl,,
Account,,
Pcv,,
Nim,,
Psc,,
Usb,,
Erpt,,
Updater,,
Err,,
Fatal,,
CReport,,
Debug,,
Pwm,,
Powctl,,
Hid,,
Cs,,
IrSensor,,
Capture,,
Pgl,,
Common,LibHac,Common/ResultLibHac.cs
